date,YYYYMMMDD,BBBB,DDDD,H,I,LAT,LONG,PRES,WND,OWD
04/12/1997,1997041200,51,9701,ISA,0,7.5,158.5,1002,10,0.0
04/12/1997,1997041206,51,9701,ISA,1,7.4,158.1,1002,12,0.0
04/12/1997,1997041212,51,9701,ISA,1,7.4,157.7,1000,15,0.0
04/12/1997,1997041218,51,9701,ISA,1,7.6,157.3,1000,15,0.0
04/13/1997,1997041300,51,9701,ISA,1,8.0,157.0,1000,15,0.0
04/13/1997,1997041306,51,9701,ISA,2,8.5,157.0,995,18,0.0
04/13/1997,1997041312,51,9701,ISA,2,8.9,156.9,995,18,0.0
04/13/1997,1997041318,51,9701,ISA,2,9.3,156.5,995,18,0.0
04/14/1997,1997041400,51,9701,ISA,2,9.8,155.4,995,20,0.0
04/14/1997,1997041406,51,9701,ISA,2,10.2,154.3,992,20,0.0
04/14/1997,1997041412,51,9701,ISA,2,10.2,153.2,990,23,0.0
04/14/1997,1997041418,51,9701,ISA,2,10.1,152.1,990,23,0.0
04/15/1997,1997041500,51,9701,ISA,3,10.1,150.6,990,25,0.0
04/15/1997,1997041506,51,9701,ISA,3,10.1,149.2,985,25,0.0
04/15/1997,1997041512,51,9701,ISA,3,10.2,148.2,985,25,0.0
04/15/1997,1997041518,51,9701,ISA,3,10.2,147.3,980,30,0.0
04/16/1997,1997041600,51,9701,ISA,4,10.3,146.7,975,33,0.0
04/16/1997,1997041606,51,9701,ISA,4,10.6,145.9,975,33,0.0
04/16/1997,1997041612,51,9701,ISA,4,10.8,145.1,975,33,0.0
04/16/1997,1997041618,51,9701,ISA,4,11.2,144.3,975,33,0.0
04/17/1997,1997041700,51,9701,ISA,4,11.5,143.5,970,35,0.0
04/17/1997,1997041706,51,9701,ISA,4,11.9,142.8,965,40,0.0
04/17/1997,1997041712,51,9701,ISA,4,12.4,142.0,960,40,0.0
04/17/1997,1997041718,51,9701,ISA,4,12.8,141.2,960,40,0.0
04/18/1997,1997041800,51,9701,ISA,4,13.1,140.5,960,40,0.0
04/18/1997,1997041806,51,9701,ISA,4,13.3,139.8,960,40,0.0
04/18/1997,1997041812,51,9701,ISA,4,13.5,139.3,960,40,0.0
04/18/1997,1997041818,51,9701,ISA,4,13.8,138.9,960,40,0.0
04/19/1997,1997041900,51,9701,ISA,4,14.2,138.5,960,40,0.0
04/19/1997,1997041906,51,9701,ISA,5,14.9,138.1,955,45,0.0
04/19/1997,1997041912,51,9701,ISA,5,15.3,137.9,945,50,0.0
04/19/1997,1997041918,51,9701,ISA,5,16.0,137.7,945,50,0.0
04/20/1997,1997042000,51,9701,ISA,5,16.6,137.6,945,50,0.0
04/20/1997,1997042006,51,9701,ISA,5,17.4,137.6,945,50,0.0
04/20/1997,1997042012,51,9701,ISA,5,18.2,137.5,945,50,0.0
04/20/1997,1997042018,51,9701,ISA,5,19.2,137.5,945,50,0.0
04/21/1997,1997042100,51,9701,ISA,4,20.0,137.6,955,40,0.0
04/21/1997,1997042106,51,9701,ISA,4,20.9,138.0,960,40,0.0
04/21/1997,1997042112,51,9701,ISA,4,22.1,138.7,960,40,0.0
04/21/1997,1997042118,51,9701,ISA,4,23.3,139.0,970,35,0.0
04/22/1997,1997042200,51,9701,ISA,4,24.5,139.7,975,33,0.0
04/22/1997,1997042206,51,9701,ISA,4,25.7,141.1,975,33,0.0
04/22/1997,1997042212,51,9701,ISA,3,27.0,142.7,980,30,0.0
04/22/1997,1997042218,51,9701,ISA,3,27.7,144.0,985,28,0.0
04/23/1997,1997042300,51,9701,ISA,3,27.9,145.7,990,25,0.0
04/23/1997,1997042306,51,9701,ISA,2,28.8,148.2,995,20,0.0
04/23/1997,1997042312,51,9701,ISA,2,29.8,151.3,995,20,0.0
04/23/1997,1997042318,51,9701,ISA,2,31.0,154.7,995,20,0.0
04/24/1997,1997042400,51,9701,ISA,1,32.4,158.2,1000,15,0.0
04/24/1997,1997042406,51,9701,ISA,1,34.4,161.6,1000,15,0.0
04/24/1997,1997042412,51,9701,ISA,1,36.5,164.6,1004,12,0.0
05/26/1997,1997052600,24,9702,LEVI,1,16.3,119.3,1002,12,0.0
05/26/1997,1997052606,24,9702,LEVI,1,16.3,120.7,1000,12,0.0
05/26/1997,1997052612,24,9702,LEVI,1,16.3,121.9,1000,12,0.0
05/26/1997,1997052618,24,9702,LEVI,1,16.5,123.2,1000,12,0.0
05/27/1997,1997052700,24,9702,LEVI,1,16.8,124.4,1000,15,0.0
05/27/1997,1997052706,24,9702,LEVI,1,17.7,125.4,1000,15,0.0
05/27/1997,1997052712,24,9702,LEVI,1,18.3,126.1,1000,15,0.0
05/27/1997,1997052718,24,9702,LEVI,1,19.1,126.3,1000,15,0.0
05/27/1997,1997052718,24,9703,MARIE,0,11.7,156.4,1002,10,0.0
05/28/1997,1997052800,24,9702,LEVI,2,20.0,126.4,998,18,0.0
05/28/1997,1997052800,24,9703,MARIE,0,12.2,156.9,1002,10,0.0
05/28/1997,1997052806,24,9702,LEVI,2,20.9,126.5,998,18,0.0
05/28/1997,1997052806,24,9703,MARIE,0,12.6,157.5,1002,10,0.0
05/28/1997,1997052812,24,9702,LEVI,2,21.7,126.9,995,18,0.0
05/28/1997,1997052812,24,9703,MARIE,0,13.0,158.0,1002,10,0.0
05/28/1997,1997052818,24,9702,LEVI,2,22.6,127.6,995,18,0.0
05/28/1997,1997052818,24,9703,MARIE,1,13.5,158.4,1000,12,0.0
05/29/1997,1997052900,24,9702,LEVI,2,24.0,127.2,998,18,0.0
05/29/1997,1997052900,24,9703,MARIE,1,14.2,158.8,1000,15,0.0
05/29/1997,1997052906,24,9702,LEVI,2,25.1,128.4,998,18,0.0
05/29/1997,1997052906,24,9703,MARIE,1,14.8,159.0,1000,15,0.0
05/29/1997,1997052912,24,9703,MARIE,2,15.7,159.3,998,18,0.0
05/29/1997,1997052912,24,9702,LEVI,1,26.2,130.0,998,15,0.0
05/29/1997,1997052918,24,9703,MARIE,2,16.5,159.6,995,20,0.0
05/29/1997,1997052918,24,9702,LEVI,1,27.4,132.0,998,15,0.0
05/30/1997,1997053000,24,9703,MARIE,2,17.6,159.8,995,20,0.0
05/30/1997,1997053000,24,9702,LEVI,1,28.4,134.5,998,15,0.0
05/30/1997,1997053006,24,9702,LEVI,2,29.1,137.3,998,18,0.0
05/30/1997,1997053006,24,9703,MARIE,2,18.4,159.9,990,23,0.0
05/30/1997,1997053012,24,9703,MARIE,3,19.5,159.9,985,25,0.0
05/30/1997,1997053012,24,9702,LEVI,2,29.9,139.3,995,20,0.0
05/30/1997,1997053018,24,9703,MARIE,3,20.9,160.1,980,30,0.0
05/30/1997,1997053018,24,9702,LEVI,2,30.7,141.0,998,18,0.0
05/31/1997,1997053100,24,9703,MARIE,4,22.0,160.2,975,33,0.0
05/31/1997,1997053100,24,9702,LEVI,2,31.6,142.7,998,18,0.0
05/31/1997,1997053106,24,9703,MARIE,4,23.0,160.8,975,33,0.0
05/31/1997,1997053106,24,9702,LEVI,2,32.4,144.9,998,18,0.0
05/31/1997,1997053112,24,9703,MARIE,4,24.0,161.5,975,33,0.0
05/31/1997,1997053112,24,9702,LEVI,2,33.1,146.9,998,18,0.0
05/31/1997,1997053118,24,9703,MARIE,3,25.2,162.5,980,30,0.0
05/31/1997,1997053118,24,9702,LEVI,2,33.8,149.2,998,18,0.0
06/01/1997,1997060100,24,9703,MARIE,3,26.2,164.0,980,30,0.0
06/01/1997,1997060106,24,9703,MARIE,3,27.4,165.9,985,25,0.0
06/01/1997,1997060112,24,9703,MARIE,2,28.7,168.3,990,23,0.0
06/01/1997,1997060118,24,9703,MARIE,2,30.0,171.1,995,20,0.0
06/02/1997,1997060200,24,9703,MARIE,2,31.9,173.9,998,18,0.0
06/02/1997,1997060206,24,9703,MARIE,1,34.4,177.4,1000,15,0.0
06/02/1997,1997060212,24,9703,MARIE,1,36.3,181.0,1000,15,0.0
06/07/1997,1997060706,30,9704,NESTOR,0,11.3,151.0,1006,10,0.0
06/07/1997,1997060712,30,9704,NESTOR,1,12.2,150.6,1004,12,0.0
06/07/1997,1997060718,30,9704,NESTOR,1,12.8,150.4,1000,15,0.0
06/08/1997,1997060800,30,9704,NESTOR,1,13.3,150.2,998,15,0.0
06/08/1997,1997060806,30,9704,NESTOR,2,14.0,149.9,995,20,0.0
06/08/1997,1997060812,30,9704,NESTOR,2,14.4,149.8,990,23,0.0
06/08/1997,1997060818,30,9704,NESTOR,3,14.7,149.7,990,25,0.0
06/09/1997,1997060900,30,9704,NESTOR,3,15.2,149.5,980,30,0.0
06/09/1997,1997060906,30,9704,NESTOR,4,15.6,149.2,970,35,0.0
06/09/1997,1997060912,30,9704,NESTOR,5,16.0,149.1,955,45,0.0
06/09/1997,1997060918,30,9704,NESTOR,5,16.6,148.9,955,45,0.0
06/10/1997,1997061000,30,9704,NESTOR,5,17.2,148.6,950,45,0.0
06/10/1997,1997061006,30,9704,NESTOR,5,17.8,148.0,940,50,0.0
06/10/1997,1997061012,30,9704,NESTOR,5,18.3,147.5,940,50,0.0
06/10/1997,1997061018,30,9704,NESTOR,5,18.8,146.9,940,50,0.0
06/11/1997,1997061100,30,9704,NESTOR,5,19.5,146.1,940,50,0.0
06/11/1997,1997061106,30,9704,NESTOR,5,20.1,145.2,950,45,0.0
06/11/1997,1997061112,30,9704,NESTOR,5,20.6,144.5,950,45,0.0
06/11/1997,1997061118,30,9704,NESTOR,5,21.3,143.6,950,45,0.0
06/12/1997,1997061200,30,9704,NESTOR,5,22.0,142.9,950,45,0.0
06/12/1997,1997061206,30,9704,NESTOR,5,23.0,142.1,955,45,0.0
06/12/1997,1997061212,30,9704,NESTOR,4,23.9,141.8,960,40,0.0
06/12/1997,1997061218,30,9704,NESTOR,4,25.1,141.5,960,40,0.0
06/13/1997,1997061300,30,9704,NESTOR,4,26.5,141.6,970,35,0.0
06/13/1997,1997061306,30,9704,NESTOR,4,28.0,142.0,970,35,0.0
06/13/1997,1997061312,30,9704,NESTOR,3,29.6,143.0,980,30,0.0
06/13/1997,1997061318,30,9704,NESTOR,3,31.1,144.3,980,30,0.0
06/14/1997,1997061400,30,9704,NESTOR,3,33.0,145.9,985,28,0.0
06/14/1997,1997061406,30,9704,NESTOR,3,35.3,149.1,990,25,0.0
06/14/1997,1997061412,30,9704,NESTOR,9,36.7,151.7,995,20,0.0
06/14/1997,1997061412,28,9705,OPAL,0,14.0,133.7,1008,10,0.0
06/14/1997,1997061418,28,9705,OPAL,0,14.3,133.6,1008,10,0.0
06/15/1997,1997061500,28,9705,OPAL,1,14.6,133.5,1006,12,0.0
06/15/1997,1997061506,28,9705,OPAL,1,14.8,133.3,1004,12,0.0
06/15/1997,1997061512,28,9705,OPAL,1,14.9,133.1,1002,15,0.0
06/15/1997,1997061518,28,9705,OPAL,1,15.0,132.9,1000,15,0.0
06/16/1997,1997061600,28,9705,OPAL,2,15.1,132.7,998,18,0.0
06/16/1997,1997061606,28,9705,OPAL,2,15.3,132.5,995,20,0.0
06/16/1997,1997061612,28,9705,OPAL,3,15.6,132.4,985,25,0.0
06/16/1997,1997061618,28,9705,OPAL,3,15.8,132.4,985,25,0.0
06/17/1997,1997061700,28,9705,OPAL,3,16.4,132.4,980,30,0.0
06/17/1997,1997061706,28,9705,OPAL,4,17.2,132.4,975,33,0.0
06/17/1997,1997061712,28,9705,OPAL,4,18.4,132.7,970,35,0.0
06/17/1997,1997061718,28,9705,OPAL,4,19.6,133.2,970,35,0.0
06/18/1997,1997061800,28,9705,OPAL,4,20.7,133.6,960,40,0.0
06/18/1997,1997061806,28,9705,OPAL,4,22.3,133.7,960,40,0.0
06/18/1997,1997061812,28,9705,OPAL,4,23.9,133.7,960,40,0.0
06/18/1997,1997061818,28,9705,OPAL,4,25.6,133.6,960,40,0.0
06/19/1997,1997061900,28,9705,OPAL,4,27.4,133.7,970,35,0.0
06/19/1997,1997061906,28,9705,OPAL,4,28.8,133.7,970,35,0.0
06/19/1997,1997061912,28,9705,OPAL,4,30.4,135.3,970,35,0.0
06/19/1997,1997061918,28,9705,OPAL,4,32.2,136.0,975,33,0.0
06/20/1997,1997062000,28,9705,OPAL,3,33.7,136.7,980,30,0.0
06/20/1997,1997062006,28,9705,OPAL,3,36.1,138.8,985,28,0.0
06/20/1997,1997062012,28,9705,OPAL,3,38.5,141.2,990,25,0.0
06/20/1997,1997062018,28,9705,OPAL,3,40.0,143.4,990,25,0.0
06/21/1997,1997062100,28,9705,OPAL,9,41.0,146.4,990,23,0.0
06/21/1997,1997062106,28,9705,OPAL,9,41.8,150.4,990,23,0.0
06/22/1997,1997062206,28,9706,PEPER,1,13.2,132.3,1002,12,0.0
06/22/1997,1997062212,28,9706,PEPER,1,13.2,132.3,1002,12,0.0
06/22/1997,1997062218,28,9706,PEPER,1,13.3,132.1,1002,12,0.0
06/23/1997,1997062300,28,9706,PEPER,1,13.4,131.8,1002,12,0.0
06/23/1997,1997062306,28,9706,PEPER,1,13.5,131.3,1000,15,0.0
06/23/1997,1997062312,28,9706,PEPER,1,13.7,130.9,998,15,0.0
06/23/1997,1997062318,28,9706,PEPER,1,14.0,130.5,998,15,0.0
06/24/1997,1997062400,28,9706,PEPER,1,14.5,130.0,998,15,0.0
06/24/1997,1997062406,28,9706,PEPER,1,15.4,129.1,998,15,0.0
06/24/1997,1997062412,28,9706,PEPER,1,16.1,128.2,998,15,0.0
06/24/1997,1997062418,28,9706,PEPER,1,16.9,127.6,998,15,0.0
06/25/1997,1997062500,28,9706,PEPER,2,17.6,127.3,998,18,0.0
06/25/1997,1997062506,28,9706,PEPER,2,18.3,127.1,995,20,0.0
06/25/1997,1997062512,28,9706,PEPER,2,18.8,127.0,990,23,0.0
06/25/1997,1997062518,28,9706,PEPER,3,19.7,126.7,985,25,0.0
06/26/1997,1997062600,28,9706,PEPER,3,20.7,126.4,985,25,0.0
06/26/1997,1997062606,28,9706,PEPER,3,22.1,126.2,985,28,0.0
06/26/1997,1997062612,28,9706,PEPER,3,23.5,126.5,985,28,0.0
06/26/1997,1997062618,28,9706,PEPER,3,24.9,126.4,980,30,0.0
06/27/1997,1997062700,28,9706,PEPER,3,26.4,126.3,980,30,0.0
06/27/1997,1997062706,28,9706,PEPER,4,28.7,126.7,970,33,0.0
06/27/1997,1997062712,28,9706,PEPER,3,30.0,127.1,975,30,0.0
06/27/1997,1997062718,28,9706,PEPER,3,31.6,128.0,975,30,0.0
06/28/1997,1997062800,28,9706,PEPER,3,32.8,129.6,975,30,0.0
06/28/1997,1997062806,28,9706,PEPER,3,34.0,132.4,980,25,0.0
06/28/1997,1997062812,28,9706,PEPER,3,35.7,136.3,980,25,0.0
06/28/1997,1997062818,28,9706,PEPER,3,37.0,140.6,980,25,0.0
06/29/1997,1997062900,28,9706,PEPER,9,40.1,147.3,984,25,0.0
07/18/1997,1997071800,42,9707,ROSIE,0,9.8,138.7,1004,10,0.0
07/18/1997,1997071806,42,9707,ROSIE,0,10.1,138.2,1004,10,0.0
07/18/1997,1997071812,42,9707,ROSIE,1,10.4,138.1,1002,12,0.0
07/18/1997,1997071818,42,9707,ROSIE,1,10.7,138.0,1002,12,0.0
07/19/1997,1997071900,42,9707,ROSIE,1,11.1,137.8,1002,12,0.0
07/19/1997,1997071906,42,9707,ROSIE,1,11.7,137.7,1000,15,0.0
07/19/1997,1997071912,42,9707,ROSIE,1,12.2,137.4,1000,15,0.0
07/19/1997,1997071918,42,9707,ROSIE,1,12.8,137.2,1000,15,0.0
07/20/1997,1997072000,42,9707,ROSIE,2,13.3,136.9,998,18,0.0
07/20/1997,1997072006,42,9707,ROSIE,2,13.9,136.5,995,20,0.0
07/20/1997,1997072012,42,9707,ROSIE,3,14.4,135.9,985,25,0.0
07/20/1997,1997072018,42,9707,ROSIE,3,14.8,135.4,985,28,0.0
07/21/1997,1997072100,42,9707,ROSIE,3,15.3,134.8,980,30,0.0
07/21/1997,1997072106,42,9707,ROSIE,3,15.9,134.1,980,30,0.0
07/21/1997,1997072112,42,9707,ROSIE,4,16.5,133.5,970,35,0.0
07/21/1997,1997072118,42,9707,ROSIE,4,16.9,133.2,970,35,0.0
07/22/1997,1997072200,42,9707,ROSIE,4,17.6,132.6,960,40,0.0
07/22/1997,1997072206,42,9707,ROSIE,5,17.8,132.2,950,50,0.0
07/22/1997,1997072212,42,9707,ROSIE,5,18.1,132.1,945,50,0.0
07/22/1997,1997072218,42,9707,ROSIE,5,18.6,131.9,945,50,0.0
07/23/1997,1997072300,42,9707,ROSIE,5,19.1,131.9,945,50,0.0
07/23/1997,1997072306,42,9707,ROSIE,6,19.9,131.9,935,55,0.0
07/23/1997,1997072312,42,9707,ROSIE,6,20.5,131.9,935,55,0.0
07/23/1997,1997072318,42,9707,ROSIE,6,21.4,132.1,935,55,0.0
07/24/1997,1997072400,42,9707,ROSIE,5,22.4,132.4,945,50,0.0
07/24/1997,1997072406,42,9707,ROSIE,5,23.4,132.7,945,50,0.0
07/24/1997,1997072412,42,9707,ROSIE,5,24.5,133.2,955,45,0.0
07/24/1997,1997072418,42,9707,ROSIE,4,25.9,133.6,965,40,0.0
07/25/1997,1997072500,42,9707,ROSIE,4,26.9,133.8,965,40,0.0
07/25/1997,1997072506,42,9707,ROSIE,4,28.3,134.2,965,40,0.0
07/25/1997,1997072512,42,9707,ROSIE,4,29.4,134.8,965,40,0.0
07/25/1997,1997072518,42,9707,ROSIE,4,30.7,135.1,970,35,0.0
07/26/1997,1997072600,42,9707,ROSIE,4,32.1,135.1,970,35,0.0
07/26/1997,1997072606,42,9707,ROSIE,4,33.2,134.8,975,33,0.0
07/26/1997,1997072612,42,9707,ROSIE,3,34.8,134.2,980,30,0.0
07/26/1997,1997072618,42,9707,ROSIE,3,35.5,132.6,985,25,0.0
07/27/1997,1997072700,42,9707,ROSIE,2,35.7,132.3,990,20,0.0
07/27/1997,1997072700,27,9708,SCOTT,1,22.3,155.0,1002,15,0.0
07/27/1997,1997072706,42,9707,ROSIE,2,35.8,132.6,995,20,0.0
07/27/1997,1997072706,27,9708,SCOTT,1,22.2,155.7,1002,15,0.0
07/27/1997,1997072712,42,9707,ROSIE,2,35.8,132.9,995,20,0.0
07/27/1997,1997072712,27,9708,SCOTT,1,22.7,156.5,1000,15,0.0
07/27/1997,1997072718,42,9707,ROSIE,1,35.8,133.3,998,15,0.0
07/27/1997,1997072718,27,9708,SCOTT,1,23.6,156.6,1000,15,0.0
07/28/1997,1997072800,42,9707,ROSIE,1,35.9,133.9,1000,15,0.0
07/28/1997,1997072800,27,9708,SCOTT,1,23.8,155.5,1000,15,0.0
07/28/1997,1997072806,27,9708,SCOTT,2,24.0,155.4,998,18,0.0
07/28/1997,1997072806,42,9707,ROSIE,1,36.0,135.6,1002,12,0.0
07/28/1997,1997072812,27,9708,SCOTT,2,24.2,155.5,998,18,0.0
07/28/1997,1997072818,27,9708,SCOTT,2,24.5,155.6,995,20,0.0
07/29/1997,1997072900,27,9708,SCOTT,2,24.8,155.7,995,20,0.0
07/29/1997,1997072906,27,9708,SCOTT,2,25.5,155.9,990,23,0.0
07/29/1997,1997072912,27,9708,SCOTT,2,26.1,156.2,990,23,0.0
07/29/1997,1997072918,27,9708,SCOTT,2,26.7,156.8,990,23,0.0
07/30/1997,1997073000,27,9708,SCOTT,2,27.3,157.4,990,23,0.0
07/30/1997,1997073006,27,9708,SCOTT,2,28.0,158.2,990,23,0.0
07/30/1997,1997073012,27,9708,SCOTT,2,28.8,159.2,990,23,0.0
07/30/1997,1997073018,27,9708,SCOTT,2,29.5,160.0,995,20,0.0
07/31/1997,1997073100,27,9708,SCOTT,2,30.0,160.7,998,18,0.0
07/31/1997,1997073100,18,9710,VICTOR,1,16.7,114.7,998,15,0.0
07/31/1997,1997073100,44,9709,TINA,1,13.4,136.5,1000,15,0.0
07/31/1997,1997073106,18,9710,VICTOR,2,17.0,114.5,995,18,0.0
07/31/1997,1997073106,44,9709,TINA,2,13.5,135.5,998,18,0.0
07/31/1997,1997073106,27,9708,SCOTT,1,30.5,161.6,1000,15,0.0
07/31/1997,1997073112,18,9710,VICTOR,2,17.1,114.1,995,20,0.0
07/31/1997,1997073112,44,9709,TINA,2,13.5,135.0,998,18,0.0
07/31/1997,1997073112,27,9708,SCOTT,1,30.8,163.0,1000,15,0.0
07/31/1997,1997073118,18,9710,VICTOR,2,16.9,113.9,995,20,0.0
07/31/1997,1997073118,44,9709,TINA,2,13.5,135.0,995,20,0.0
07/31/1997,1997073118,27,9708,SCOTT,1,31.0,164.5,1000,15,0.0
08/01/1997,1997080100,18,9710,VICTOR,2,17.4,114.0,985,23,0.0
08/01/1997,1997080100,44,9709,TINA,2,13.5,135.0,995,20,0.0
08/01/1997,1997080100,27,9708,SCOTT,1,31.3,166.3,1000,15,0.0
08/01/1997,1997080106,18,9710,VICTOR,2,18.2,114.1,980,23,0.0
08/01/1997,1997080106,44,9709,TINA,2,13.6,134.7,990,23,0.0
08/01/1997,1997080106,27,9708,SCOTT,1,31.7,168.3,1000,15,0.0
08/01/1997,1997080112,18,9710,VICTOR,3,18.7,114.2,980,25,0.0
08/01/1997,1997080112,44,9709,TINA,2,13.7,134.5,990,23,0.0
08/01/1997,1997080112,27,9708,SCOTT,1,32.5,169.8,1000,15,0.0
08/01/1997,1997080118,18,9710,VICTOR,3,19.3,114.1,980,25,0.0
08/01/1997,1997080118,44,9709,TINA,3,13.7,134.1,985,25,0.0
08/01/1997,1997080118,27,9708,SCOTT,1,33.7,170.9,1000,15,0.0
08/02/1997,1997080200,18,9710,VICTOR,3,20.3,114.1,975,30,0.0
08/02/1997,1997080200,44,9709,TINA,3,13.8,133.2,980,30,0.0
08/02/1997,1997080200,27,9708,SCOTT,1,34.8,171.9,1000,15,0.0
08/02/1997,1997080206,18,9710,VICTOR,3,21.1,113.9,968,30,0.0
08/02/1997,1997080206,44,9709,TINA,3,14.0,132.5,980,30,0.0
08/02/1997,1997080206,27,9708,SCOTT,1,36.6,173.2,1000,15,0.0
08/02/1997,1997080212,18,9710,VICTOR,3,22.3,114.1,970,30,0.0
08/02/1997,1997080212,44,9709,TINA,3,14.2,132.1,980,30,0.0
08/02/1997,1997080212,27,9708,SCOTT,1,38.9,174.9,1000,15,0.0
08/02/1997,1997080218,18,9710,VICTOR,3,23.7,113.7,980,25,0.0
08/02/1997,1997080218,44,9709,TINA,3,14.3,131.8,980,30,0.0
08/03/1997,1997080300,44,9709,TINA,3,14.6,131.5,980,30,0.0
08/03/1997,1997080300,18,9710,VICTOR,1,25.2,113.4,990,12,25.0
08/03/1997,1997080306,44,9709,TINA,3,15.0,130.9,980,30,0.0
08/03/1997,1997080306,18,9710,VICTOR,0,26.8,113.8,995,10,18.0
08/03/1997,1997080312,44,9709,TINA,3,15.4,130.3,980,30,0.0
08/03/1997,1997080312,18,9710,VICTOR,0,28.4,114.2,995,10,15.0
08/03/1997,1997080318,44,9709,TINA,3,16.3,130.0,980,30,0.0
08/03/1997,1997080318,18,9710,VICTOR,0,30.0,115.0,997,10,15.0
08/04/1997,1997080400,44,9709,TINA,4,17.1,129.1,975,33,0.0
08/04/1997,1997080400,18,9710,VICTOR,0,31.4,115.9,998,10,15.0
08/04/1997,1997080406,44,9709,TINA,4,18.1,128.7,975,33,0.0
08/04/1997,1997080406,18,9710,VICTOR,0,32.5,117.0,998,10,0.0
08/04/1997,1997080412,44,9709,TINA,4,18.8,127.9,975,33,0.0
08/04/1997,1997080418,44,9709,TINA,4,19.2,127.5,975,33,0.0
08/05/1997,1997080500,44,9709,TINA,4,20.1,127.0,970,35,0.0
08/05/1997,1997080506,44,9709,TINA,4,20.9,126.6,960,40,0.0
08/05/1997,1997080512,44,9709,TINA,5,21.6,126.4,955,45,0.0
08/05/1997,1997080518,44,9709,TINA,4,22.1,126.2,960,40,0.0
08/06/1997,1997080600,44,9709,TINA,4,23.2,126.2,960,40,0.0
08/06/1997,1997080606,44,9709,TINA,4,24.1,126.4,960,40,0.0
08/06/1997,1997080612,44,9709,TINA,4,25.0,126.4,960,40,0.0
08/06/1997,1997080618,44,9709,TINA,4,25.7,126.4,960,40,0.0
08/07/1997,1997080700,44,9709,TINA,4,26.8,126.4,960,40,0.0
08/07/1997,1997080706,44,9709,TINA,4,27.6,126.3,970,35,0.0
08/07/1997,1997080712,44,9709,TINA,4,28.2,126.2,970,35,0.0
08/07/1997,1997080718,44,9709,TINA,4,29.1,126.2,975,33,0.0
08/08/1997,1997080800,44,9709,TINA,3,30.1,126.2,980,30,0.0
08/08/1997,1997080800,49,9711,WINNIE,0,11.2,158.9,1006,10,0.0
08/08/1997,1997080806,44,9709,TINA,3,31.3,126.2,980,30,0.0
08/08/1997,1997080806,49,9711,WINNIE,0,11.9,158.3,1006,10,0.0
08/08/1997,1997080812,44,9709,TINA,3,32.4,126.2,980,28,0.0
08/08/1997,1997080812,49,9711,WINNIE,0,12.6,157.4,1004,10,0.0
08/08/1997,1997080818,44,9709,TINA,2,33.9,127.0,985,20,0.0
08/08/1997,1997080818,49,9711,WINNIE,1,13.6,156.4,1002,12,0.0
08/09/1997,1997080900,44,9709,TINA,2,35.3,128.6,990,18,0.0
08/09/1997,1997080900,49,9711,WINNIE,1,14.2,155.7,1000,15,0.0
08/09/1997,1997080906,44,9709,TINA,2,37.5,131.0,990,18,0.0
08/09/1997,1997080906,49,9711,WINNIE,1,14.5,155.3,1000,15,0.0
08/09/1997,1997080912,44,9709,TINA,9,39.9,134.8,995,18,0.0
08/09/1997,1997080912,49,9711,WINNIE,1,14.8,155.0,1000,15,0.0
08/09/1997,1997080918,44,9709,TINA,9,41.9,139.0,995,18,0.0
08/09/1997,1997080918,49,9711,WINNIE,2,15.1,154.5,995,20,0.0
08/10/1997,1997081000,44,9709,TINA,9,42.2,144.6,995,18,0.0
08/10/1997,1997081000,49,9711,WINNIE,2,15.4,153.8,990,23,0.0
08/10/1997,1997081006,44,9709,TINA,9,42.1,149.4,995,18,0.0
08/10/1997,1997081006,49,9711,WINNIE,3,15.8,152.8,985,25,0.0
08/10/1997,1997081012,44,9709,TINA,9,41.6,154.6,998,18,0.0
08/10/1997,1997081012,49,9711,WINNIE,3,16.0,151.8,980,30,0.0
08/10/1997,1997081018,44,9709,TINA,9,41.5,157.7,998,15,0.0
08/10/1997,1997081018,49,9711,WINNIE,4,16.1,151.0,980,33,0.0
08/11/1997,1997081100,49,9711,WINNIE,4,16.3,150.1,980,33,0.0
08/11/1997,1997081106,49,9711,WINNIE,4,16.4,149.4,970,35,0.0
08/11/1997,1997081112,49,9711,WINNIE,4,16.6,148.7,960,40,0.0
08/11/1997,1997081118,49,9711,WINNIE,5,16.9,148.0,955,45,0.0
08/12/1997,1997081200,49,9711,WINNIE,5,17.3,147.2,945,50,0.0
08/12/1997,1997081206,49,9711,WINNIE,6,17.8,146.0,930,55,0.0
08/12/1997,1997081212,49,9711,WINNIE,6,18.1,144.8,920,60,0.0
08/12/1997,1997081218,49,9711,WINNIE,6,18.4,143.9,920,60,0.0
08/13/1997,1997081300,49,9711,WINNIE,6,18.8,143.2,920,60,0.0
08/13/1997,1997081306,49,9711,WINNIE,6,19.6,142.3,920,60,0.0
08/13/1997,1997081312,49,9711,WINNIE,6,20.1,141.3,920,60,0.0
08/13/1997,1997081318,49,9711,WINNIE,6,20.6,140.3,930,55,0.0
08/14/1997,1997081400,49,9711,WINNIE,5,20.9,139.4,935,50,0.0
08/14/1997,1997081406,49,9711,WINNIE,5,21.6,138.8,935,50,0.0
08/14/1997,1997081412,49,9711,WINNIE,5,22.2,137.8,945,45,0.0
08/14/1997,1997081418,49,9711,WINNIE,5,22.4,136.6,950,45,0.0
08/15/1997,1997081500,49,9711,WINNIE,5,22.7,135.7,950,45,0.0
08/15/1997,1997081506,49,9711,WINNIE,5,23.0,135.0,950,45,0.0
08/15/1997,1997081512,49,9711,WINNIE,5,23.3,134.1,950,45,0.0
08/15/1997,1997081518,49,9711,WINNIE,5,23.6,132.9,950,45,0.0
08/16/1997,1997081600,49,9711,WINNIE,5,23.8,132.1,950,45,0.0
08/16/1997,1997081606,49,9711,WINNIE,5,24.0,131.0,950,45,0.0
08/16/1997,1997081612,49,9711,WINNIE,5,24.1,130.2,950,45,0.0
08/16/1997,1997081618,49,9711,WINNIE,5,24.3,129.3,950,45,0.0
08/17/1997,1997081700,49,9711,WINNIE,4,24.8,128.2,960,40,0.0
08/17/1997,1997081706,49,9711,WINNIE,4,25.2,127.1,960,40,0.0
08/17/1997,1997081712,49,9711,WINNIE,4,25.4,126.1,960,40,0.0
08/17/1997,1997081718,49,9711,WINNIE,4,26.0,124.9,960,40,0.0
08/18/1997,1997081800,49,9711,WINNIE,4,26.7,123.9,960,40,0.0
08/18/1997,1997081806,49,9711,WINNIE,4,27.4,122.4,960,40,0.0
08/18/1997,1997081812,49,9711,WINNIE,4,28.0,121.8,960,40,0.0
08/18/1997,1997081818,49,9711,WINNIE,4,29.1,120.2,970,35,0.0
08/19/1997,1997081900,49,9711,WINNIE,3,30.0,119.0,980,28,0.0
08/19/1997,1997081900,20,9712,YULE,1,15.0,165.4,1002,12,0.0
08/19/1997,1997081906,49,9711,WINNIE,2,30.8,118.1,990,20,0.0
08/19/1997,1997081906,20,9712,YULE,1,14.6,166.8,1000,15,0.0
08/19/1997,1997081912,49,9711,WINNIE,2,31.7,117.6,990,20,0.0
08/19/1997,1997081912,20,9712,YULE,1,16.0,168.5,998,15,0.0
08/19/1997,1997081918,49,9711,WINNIE,2,32.6,117.1,990,20,0.0
08/19/1997,1997081918,20,9712,YULE,2,18.0,167.4,995,20,0.0
08/20/1997,1997082000,9,9711,WINNIE(-)1,2,36.6,118.5,994,20,0.0
08/20/1997,1997082000,49,9711,WINNIE,2,34.7,117.7,994,20,0.0
08/20/1997,1997082000,20,9712,YULE,2,18.7,167.7,995,20,0.0
08/20/1997,1997082000,14,9713,ZITA,1,17.5,117.0,1000,15,0.0
08/20/1997,1997082006,9,9711,WINNIE(-)1,2,37.4,118.5,994,20,0.0
08/20/1997,1997082006,20,9712,YULE,2,19.4,167.9,990,23,0.0
08/20/1997,1997082006,14,9713,ZITA,1,18.0,117.5,1000,15,0.0
08/20/1997,1997082012,9,9711,WINNIE(-)1,2,38.5,119.5,994,20,0.0
08/20/1997,1997082012,20,9712,YULE,2,20.2,167.9,990,23,0.0
08/20/1997,1997082012,14,9713,ZITA,1,18.6,117.2,998,15,0.0
08/20/1997,1997082018,20,9712,YULE,3,20.7,168.1,985,25,0.0
08/20/1997,1997082018,9,9711,WINNIE(-)1,2,41.3,122.5,994,20,0.0
08/20/1997,1997082018,14,9713,ZITA,1,19.0,116.6,998,15,0.0
08/21/1997,1997082100,20,9712,YULE,3,22.0,168.2,980,30,0.0
08/21/1997,1997082100,9,9711,WINNIE(-)1,2,42.8,123.5,992,20,0.0
08/21/1997,1997082100,14,9713,ZITA,2,19.4,115.8,995,18,0.0
08/21/1997,1997082100,38,9714,AMBER,1,13.3,131.2,1002,12,0.0
08/21/1997,1997082106,20,9712,YULE,3,23.1,168.3,980,30,0.0
08/21/1997,1997082106,14,9713,ZITA,3,19.7,114.5,985,25,0.0
08/21/1997,1997082106,9,9711,WINNIE(-)1,2,44.0,124.0,990,18,0.0
08/21/1997,1997082106,38,9714,AMBER,1,13.5,131.5,1000,15,0.0
08/21/1997,1997082112,9,9711,WINNIE(-)1,9,45.0,126.0,985,18,0.0
08/21/1997,1997082112,20,9712,YULE,3,24.0,168.6,980,28,0.0
08/21/1997,1997082112,14,9713,ZITA,3,20.0,113.3,975,30,0.0
08/21/1997,1997082112,38,9714,AMBER,1,13.8,131.7,1000,15,0.0
08/21/1997,1997082118,9,9711,WINNIE(-)1,9,45.6,128.2,985,18,0.0
08/21/1997,1997082118,20,9712,YULE,3,25.2,169.2,985,25,0.0
08/21/1997,1997082118,14,9713,ZITA,3,20.2,112.3,975,30,0.0
08/21/1997,1997082118,38,9714,AMBER,1,14.1,131.8,1000,15,0.0
08/22/1997,1997082200,9,9711,WINNIE(-)1,9,45.8,131.0,985,18,0.0
08/22/1997,1997082200,20,9712,YULE,3,27.3,170.0,985,25,0.0
08/22/1997,1997082200,14,9713,ZITA,3,20.4,111.3,975,30,0.0
08/22/1997,1997082200,38,9714,AMBER,2,14.5,131.7,995,20,0.0
08/22/1997,1997082206,20,9712,YULE,3,29.7,171.2,985,25,0.0
08/22/1997,1997082206,14,9713,ZITA,3,20.7,110.2,975,30,0.0
08/22/1997,1997082206,38,9714,AMBER,2,14.9,131.7,995,20,0.0
08/22/1997,1997082212,20,9712,YULE,3,31.8,172.1,985,25,0.0
08/22/1997,1997082212,14,9713,ZITA,3,20.8,108.8,975,30,0.0
08/22/1997,1997082212,38,9714,AMBER,3,15.3,131.6,990,25,0.0
08/22/1997,1997082218,14,9713,ZITA,3,21.0,107.8,985,25,0.0
08/22/1997,1997082218,38,9714,AMBER,3,15.5,131.5,990,25,0.0
08/22/1997,1997082218,20,9712,YULE,2,33.9,172.9,990,23,0.0
08/23/1997,1997082300,38,9714,AMBER,3,15.8,131.4,985,28,0.0
08/23/1997,1997082300,20,9712,YULE,2,39.1,172.7,990,23,0.0
08/23/1997,1997082300,14,9713,ZITA,2,21.4,106.5,990,18,0.0
08/23/1997,1997082306,38,9714,AMBER,3,16.2,131.2,980,30,0.0
08/23/1997,1997082306,20,9712,YULE,2,41.5,169.5,985,23,0.0
08/23/1997,1997082306,14,9713,ZITA,1,21.7,105.6,992,15,0.0
08/23/1997,1997082312,38,9714,AMBER,4,16.3,130.9,975,33,0.0
08/23/1997,1997082312,20,9712,YULE,2,43.4,167.0,985,23,0.0
08/23/1997,1997082318,38,9714,AMBER,4,16.5,130.5,970,35,0.0
08/23/1997,1997082318,20,9712,YULE,2,45.3,165.8,985,23,0.0
08/24/1997,1997082400,38,9714,AMBER,4,16.8,130.2,970,35,0.0
08/24/1997,1997082406,38,9714,AMBER,4,17.1,129.8,960,40,0.0
08/24/1997,1997082412,38,9714,AMBER,4,17.2,129.3,960,40,0.0
08/24/1997,1997082418,38,9714,AMBER,5,17.3,128.9,950,45,0.0
08/25/1997,1997082500,38,9714,AMBER,5,17.4,128.6,950,45,0.0
08/25/1997,1997082506,38,9714,AMBER,5,17.5,128.3,950,45,0.0
08/25/1997,1997082512,38,9714,AMBER,5,17.7,127.9,950,45,0.0
08/25/1997,1997082518,38,9714,AMBER,4,17.8,127.7,960,40,0.0
08/26/1997,1997082600,38,9714,AMBER,4,18.0,127.5,960,40,0.0
08/26/1997,1997082606,38,9714,AMBER,4,18.2,127.2,960,40,0.0
08/26/1997,1997082612,38,9714,AMBER,5,18.4,126.9,950,45,0.0
08/26/1997,1997082618,38,9714,AMBER,5,18.7,126.5,950,45,0.0
08/27/1997,1997082700,38,9714,AMBER,5,19.1,126.2,950,45,0.0
08/27/1997,1997082700,38,9715,BING,1,12.2,153.8,1004,12,0.0
08/27/1997,1997082706,38,9714,AMBER,5,19.4,125.6,950,45,0.0
08/27/1997,1997082706,38,9715,BING,1,12.5,152.5,1004,12,0.0
08/27/1997,1997082712,38,9714,AMBER,5,19.8,125.0,940,50,0.0
08/27/1997,1997082712,38,9715,BING,1,12.4,151.7,1004,12,0.0
08/27/1997,1997082718,38,9714,AMBER,5,20.3,124.3,940,50,0.0
08/27/1997,1997082718,38,9715,BING,1,12.1,150.8,1004,12,0.0
08/28/1997,1997082800,38,9714,AMBER,5,20.7,123.7,950,45,0.0
08/28/1997,1997082800,38,9715,BING,1,12.0,149.4,1004,12,0.0
08/28/1997,1997082806,38,9714,AMBER,5,21.4,123.0,950,45,0.0
08/28/1997,1997082806,38,9715,BING,1,12.3,148.4,1004,12,0.0
08/28/1997,1997082812,38,9714,AMBER,4,22.2,122.4,960,40,0.0
08/28/1997,1997082812,38,9715,BING,1,12.6,147.6,1002,15,0.0
08/28/1997,1997082818,38,9714,AMBER,4,23.4,121.7,960,40,0.0
08/28/1997,1997082818,38,9715,BING,1,12.9,146.4,1002,15,0.0
08/29/1997,1997082900,38,9714,AMBER,4,24.2,120.9,970,35,0.0
08/29/1997,1997082900,38,9715,BING,1,13.4,145.4,1002,15,0.0
08/29/1997,1997082906,38,9714,AMBER,4,25.1,120.0,975,33,0.0
08/29/1997,1997082906,38,9715,BING,1,14.2,144.1,1000,15,0.0
08/29/1997,1997082912,38,9714,AMBER,2,26.3,119.3,990,23,0.0
08/29/1997,1997082912,38,9715,BING,1,14.6,142.6,998,15,0.0
08/29/1997,1997082918,38,9715,BING,2,15.0,141.0,995,18,0.0
08/29/1997,1997082918,38,9714,AMBER,1,27.4,118.0,998,15,0.0
08/30/1997,1997083000,38,9715,BING,2,15.5,139.8,990,20,0.0
08/30/1997,1997083000,38,9714,AMBER,1,28.1,116.7,1000,12,0.0
08/30/1997,1997083006,38,9715,BING,2,16.1,138.9,990,23,0.0
08/30/1997,1997083006,38,9714,AMBER,0,28.8,115.0,1002,10,0.0
08/30/1997,1997083012,38,9715,BING,3,16.5,138.5,985,25,0.0
08/30/1997,1997083018,38,9715,BING,3,17.0,138.3,985,25,0.0
08/31/1997,1997083100,38,9715,BING,3,17.6,138.3,985,25,0.0
08/31/1997,1997083106,38,9715,BING,3,18.6,138.4,980,28,0.0
08/31/1997,1997083112,38,9715,BING,4,19.9,138.7,975,33,0.0
08/31/1997,1997083118,38,9715,BING,4,21.2,139.0,970,35,0.0
09/01/1997,1997090100,38,9715,BING,4,22.5,139.2,965,40,0.0
09/01/1997,1997090106,38,9715,BING,5,23.9,139.0,955,45,0.0
09/01/1997,1997090112,38,9715,BING,5,25.1,139.0,955,45,0.0
09/01/1997,1997090118,38,9715,BING,5,26.3,138.6,955,45,0.0
09/02/1997,1997090200,38,9715,BING,5,27.1,138.2,955,45,0.0
09/02/1997,1997090206,38,9715,BING,5,28.1,138.3,955,45,0.0
09/02/1997,1997090212,38,9715,BING,5,28.9,138.6,955,45,0.0
09/02/1997,1997090218,38,9715,BING,4,30.0,139.5,965,40,0.0
09/03/1997,1997090300,38,9715,BING,4,31.1,140.5,965,40,0.0
09/03/1997,1997090306,38,9715,BING,4,32.3,141.9,970,35,0.0
09/03/1997,1997090312,38,9715,BING,4,33.5,144.1,970,35,0.0
09/03/1997,1997090318,38,9715,BING,4,34.9,146.8,970,35,0.0
09/04/1997,1997090400,38,9715,BING,4,36.7,149.7,975,33,0.0
09/04/1997,1997090406,38,9715,BING,3,38.5,153.0,980,30,0.0
09/04/1997,1997090412,38,9715,BING,3,40.2,156.7,985,25,0.0
09/04/1997,1997090418,38,9715,BING,9,41.9,160.0,985,25,0.0
09/05/1997,1997090500,38,9715,BING,9,44.3,163.6,992,25,0.0
09/05/1997,1997090506,38,9715,BING,9,46.2,167.6,992,25,0.0
09/05/1997,1997090518,46,9716,OLIWA,2,14.9,172.5,995,20,0.0
09/06/1997,1997090600,46,9716,OLIWA,2,15.2,170.7,995,20,0.0
09/06/1997,1997090606,46,9716,OLIWA,2,15.8,169.0,990,23,0.0
09/06/1997,1997090612,46,9716,OLIWA,2,16.3,167.5,990,23,0.0
09/06/1997,1997090618,46,9716,OLIWA,3,16.7,166.3,985,25,0.0
09/07/1997,1997090700,46,9716,OLIWA,3,17.1,165.4,985,25,0.0
09/07/1997,1997090706,46,9716,OLIWA,3,17.5,164.8,985,25,0.0
09/07/1997,1997090712,46,9716,OLIWA,3,17.8,164.0,985,25,0.0
09/07/1997,1997090718,46,9716,OLIWA,3,18.1,163.3,985,25,0.0
09/08/1997,1997090800,46,9716,OLIWA,3,18.3,162.5,980,28,0.0
09/08/1997,1997090806,46,9716,OLIWA,3,18.2,161.5,980,30,0.0
09/08/1997,1997090812,46,9716,OLIWA,3,18.1,160.1,980,30,0.0
09/08/1997,1997090818,46,9716,OLIWA,3,18.1,158.7,980,30,0.0
09/09/1997,1997090900,46,9716,OLIWA,4,18.0,157.5,970,35,0.0
09/09/1997,1997090906,46,9716,OLIWA,4,18.2,156.3,960,40,0.0
09/09/1997,1997090912,46,9716,OLIWA,5,18.3,155.1,950,45,0.0
09/09/1997,1997090918,46,9716,OLIWA,5,18.5,153.6,950,45,0.0
09/10/1997,1997091000,46,9716,OLIWA,5,18.7,152.2,940,50,0.0
09/10/1997,1997091006,46,9716,OLIWA,6,18.9,150.8,930,55,0.0
09/10/1997,1997091012,46,9716,OLIWA,6,19.0,149.5,930,55,0.0
09/10/1997,1997091018,46,9716,OLIWA,6,19.2,148.2,920,60,0.0
09/11/1997,1997091100,46,9716,OLIWA,6,19.4,146.8,920,60,0.0
09/11/1997,1997091106,46,9716,OLIWA,6,19.9,145.5,920,60,0.0
09/11/1997,1997091112,46,9716,OLIWA,6,20.2,144.1,930,55,0.0
09/11/1997,1997091112,34,9717,DAVID,1,11.3,169.9,1000,15,0.0
09/11/1997,1997091118,46,9716,OLIWA,6,20.6,142.7,930,55,0.0
09/11/1997,1997091118,34,9717,DAVID,1,12.4,169.8,1000,15,0.0
09/12/1997,1997091200,46,9716,OLIWA,6,21.1,141.5,930,55,0.0
09/12/1997,1997091200,34,9717,DAVID,1,13.2,169.5,1000,15,0.0
09/12/1997,1997091206,46,9716,OLIWA,6,21.8,140.1,930,55,0.0
09/12/1997,1997091206,34,9717,DAVID,1,13.7,168.6,1000,15,0.0
09/12/1997,1997091212,46,9716,OLIWA,6,22.4,138.8,930,55,0.0
09/12/1997,1997091212,34,9717,DAVID,1,14.2,167.5,1000,15,0.0
09/12/1997,1997091218,46,9716,OLIWA,5,23.2,137.4,940,50,0.0
09/12/1997,1997091218,34,9717,DAVID,2,14.5,166.8,995,18,0.0
09/13/1997,1997091300,46,9716,OLIWA,5,24.1,136.2,950,45,0.0
09/13/1997,1997091300,34,9717,DAVID,2,14.7,166.0,992,20,0.0
09/13/1997,1997091306,46,9716,OLIWA,5,25.1,135.0,950,45,0.0
09/13/1997,1997091306,34,9717,DAVID,2,15.0,165.8,990,23,0.0
09/13/1997,1997091312,46,9716,OLIWA,5,25.8,133.9,950,45,0.0
09/13/1997,1997091312,34,9717,DAVID,3,15.4,165.3,985,25,0.0
09/13/1997,1997091318,46,9716,OLIWA,4,26.7,133.0,960,40,0.0
09/13/1997,1997091318,34,9717,DAVID,3,15.9,164.1,985,25,0.0
09/14/1997,1997091400,46,9716,OLIWA,4,27.7,131.7,970,35,0.0
09/14/1997,1997091400,34,9717,DAVID,3,16.6,163.5,980,30,0.0
09/14/1997,1997091406,46,9716,OLIWA,4,28.1,130.7,970,35,0.0
09/14/1997,1997091406,34,9717,DAVID,4,18.0,162.8,975,33,0.0
09/14/1997,1997091412,46,9716,OLIWA,4,28.4,130.2,970,35,0.0
09/14/1997,1997091412,34,9717,DAVID,4,19.0,162.0,975,33,0.0
09/14/1997,1997091418,46,9716,OLIWA,4,28.6,129.8,970,35,0.0
09/14/1997,1997091418,34,9717,DAVID,4,20.3,160.5,970,35,0.0
09/15/1997,1997091500,46,9716,OLIWA,4,28.9,129.6,970,35,0.0
09/15/1997,1997091500,34,9717,DAVID,4,21.1,159.0,965,40,0.0
09/15/1997,1997091506,46,9716,OLIWA,4,29.3,129.4,970,35,0.0
09/15/1997,1997091506,34,9717,DAVID,4,22.1,157.5,960,40,0.0
09/15/1997,1997091512,34,9717,DAVID,5,22.4,156.3,950,45,0.0
09/15/1997,1997091512,46,9716,OLIWA,4,29.8,129.6,970,35,0.0
09/15/1997,1997091518,34,9717,DAVID,5,23.0,155.3,950,45,0.0
09/15/1997,1997091518,46,9716,OLIWA,4,30.5,129.8,970,35,0.0
09/16/1997,1997091600,34,9717,DAVID,5,23.4,154.1,950,45,0.0
09/16/1997,1997091600,46,9716,OLIWA,3,31.6,130.3,980,30,0.0
09/16/1997,1997091606,34,9717,DAVID,5,23.8,153.0,950,45,0.0
09/16/1997,1997091606,46,9716,OLIWA,3,33.0,131.3,980,30,0.0
09/16/1997,1997091612,34,9717,DAVID,5,24.3,151.2,950,45,0.0
09/16/1997,1997091612,46,9716,OLIWA,2,34.3,133.0,990,23,0.0
09/16/1997,1997091618,34,9717,DAVID,5,24.8,149.6,950,45,0.0
09/16/1997,1997091618,46,9716,OLIWA,2,35.3,134.9,995,20,0.0
09/17/1997,1997091700,34,9717,DAVID,4,25.2,148.0,955,40,0.0
09/17/1997,1997091700,46,9716,OLIWA,1,37.4,136.2,1002,15,0.0
09/17/1997,1997091706,34,9717,DAVID,4,26.0,146.5,955,40,0.0
09/17/1997,1997091712,34,9717,DAVID,4,26.5,145.0,960,40,0.0
09/17/1997,1997091718,34,9717,DAVID,4,27.1,143.7,965,40,0.0
09/18/1997,1997091800,34,9717,DAVID,4,27.9,142.6,970,35,0.0
09/18/1997,1997091806,34,9717,DAVID,4,29.1,141.8,970,35,0.0
09/18/1997,1997091812,34,9717,DAVID,4,30.3,141.7,970,35,0.0
09/18/1997,1997091818,34,9717,DAVID,4,32.2,141.8,970,35,0.0
09/19/1997,1997091900,34,9717,DAVID,4,33.9,142.3,975,33,0.0
09/19/1997,1997091906,34,9717,DAVID,3,36.0,144.0,980,30,0.0
09/19/1997,1997091912,34,9717,DAVID,3,38.6,147.4,980,30,0.0
09/19/1997,1997091918,34,9717,DAVID,9,41.9,151.8,985,23,0.0
09/22/1997,1997092200,16,9718,FRITZ,0,15.6,111.0,1006,10,0.0
09/22/1997,1997092206,16,9718,FRITZ,0,15.6,111.0,1006,10,0.0
09/22/1997,1997092212,16,9718,FRITZ,0,15.6,111.0,1006,10,0.0
09/22/1997,1997092218,16,9718,FRITZ,1,15.6,111.0,1004,12,0.0
09/23/1997,1997092300,16,9718,FRITZ,1,15.6,111.0,1004,15,0.0
09/23/1997,1997092306,16,9718,FRITZ,1,15.6,111.0,1002,15,0.0
09/23/1997,1997092312,16,9718,FRITZ,2,15.6,111.0,998,18,0.0
09/23/1997,1997092318,16,9718,FRITZ,2,15.6,111.0,995,20,0.0
09/23/1997,1997092318,27,9719,GINGER,0,13.0,165.0,1008,10,0.0
09/24/1997,1997092400,16,9718,FRITZ,2,15.7,110.8,990,23,0.0
09/24/1997,1997092400,27,9719,GINGER,0,13.6,164.2,1006,10,0.0
09/24/1997,1997092406,16,9718,FRITZ,2,15.8,110.3,990,23,0.0
09/24/1997,1997092406,27,9719,GINGER,1,14.2,163.6,1004,12,0.0
09/24/1997,1997092412,16,9718,FRITZ,3,15.8,109.7,985,25,0.0
09/24/1997,1997092412,27,9719,GINGER,1,15.1,163.2,998,15,0.0
09/24/1997,1997092418,16,9718,FRITZ,3,15.7,109.3,980,28,0.0
09/24/1997,1997092418,27,9719,GINGER,2,16.1,163.0,995,20,0.0
09/25/1997,1997092500,16,9718,FRITZ,3,15.7,108.8,980,28,0.0
09/25/1997,1997092500,27,9719,GINGER,2,16.9,162.7,995,20,0.0
09/25/1997,1997092506,27,9719,GINGER,3,18.3,161.9,990,25,0.0
09/25/1997,1997092506,16,9718,FRITZ,3,15.7,108.3,985,25,0.0
09/25/1997,1997092512,27,9719,GINGER,3,19.2,161.0,985,28,0.0
09/25/1997,1997092512,16,9718,FRITZ,2,15.5,107.5,995,18,0.0
09/25/1997,1997092518,27,9719,GINGER,3,19.9,160.7,980,30,0.0
09/25/1997,1997092518,16,9718,FRITZ,1,15.5,106.8,996,15,0.0
09/26/1997,1997092600,27,9719,GINGER,4,20.2,160.4,970,35,0.0
09/26/1997,1997092606,27,9719,GINGER,4,20.5,160.3,960,40,0.0
09/26/1997,1997092612,27,9719,GINGER,5,20.8,160.2,950,45,0.0
09/26/1997,1997092618,27,9719,GINGER,5,21.6,159.8,940,50,0.0
09/27/1997,1997092700,27,9719,GINGER,5,21.7,159.3,940,50,0.0
09/27/1997,1997092706,27,9719,GINGER,5,22.7,158.8,940,50,0.0
09/27/1997,1997092712,27,9719,GINGER,6,22.9,158.2,930,55,0.0
09/27/1997,1997092718,27,9719,GINGER,6,23.6,157.9,930,55,0.0
09/28/1997,1997092800,27,9719,GINGER,6,24.6,157.8,930,55,0.0
09/28/1997,1997092806,27,9719,GINGER,6,25.6,157.6,930,55,0.0
09/28/1997,1997092812,27,9719,GINGER,5,26.7,157.5,940,50,0.0
09/28/1997,1997092818,27,9719,GINGER,5,28.1,157.9,950,45,0.0
09/29/1997,1997092900,27,9719,GINGER,4,29.6,158.5,960,40,0.0
09/29/1997,1997092906,27,9719,GINGER,4,31.2,159.8,960,40,0.0
09/29/1997,1997092912,27,9719,GINGER,4,33.5,162.2,970,35,0.0
09/29/1997,1997092918,27,9719,GINGER,3,36.4,164.5,980,30,0.0
09/30/1997,1997093000,27,9719,GINGER,3,39.7,168.1,990,25,0.0
09/30/1997,1997093006,27,9719,GINGER,3,43.5,173.1,990,25,0.0
10/13/1997,1997101318,47,9720,IVAN,1,11.5,150.0,1002,12,0.0
10/14/1997,1997101400,47,9720,IVAN,1,11.7,148.5,1000,15,0.0
10/14/1997,1997101406,47,9720,IVAN,2,12.0,146.8,998,18,0.0
10/14/1997,1997101406,41,9721,JOAN,1,12.6,164.1,1004,12,0.0
10/14/1997,1997101412,47,9720,IVAN,2,12.2,145.2,996,18,0.0
10/14/1997,1997101412,41,9721,JOAN,1,12.8,163.8,1000,15,0.0
10/14/1997,1997101418,41,9721,JOAN,2,13.1,162.6,996,18,0.0
10/14/1997,1997101418,47,9720,IVAN,2,12.5,143.5,995,20,0.0
10/15/1997,1997101500,41,9721,JOAN,2,13.2,161.8,996,18,0.0
10/15/1997,1997101500,47,9720,IVAN,2,12.9,142.2,992,20,0.0
10/15/1997,1997101506,47,9720,IVAN,2,13.5,140.9,990,23,0.0
10/15/1997,1997101506,41,9721,JOAN,2,13.3,160.6,992,20,0.0
10/15/1997,1997101512,47,9720,IVAN,3,13.9,140.0,990,25,0.0
10/15/1997,1997101512,41,9721,JOAN,2,13.4,159.5,990,23,0.0
10/15/1997,1997101518,47,9720,IVAN,3,14.2,139.0,985,25,0.0
10/15/1997,1997101518,41,9721,JOAN,3,13.4,158.5,985,28,0.0
10/16/1997,1997101600,41,9721,JOAN,4,13.5,157.3,975,33,0.0
10/16/1997,1997101600,47,9720,IVAN,3,14.4,137.4,980,30,0.0
10/16/1997,1997101606,47,9720,IVAN,4,14.5,136.1,970,35,0.0
10/16/1997,1997101606,41,9721,JOAN,4,13.7,155.9,970,35,0.0
10/16/1997,1997101612,47,9720,IVAN,4,14.6,134.8,965,40,0.0
10/16/1997,1997101612,41,9721,JOAN,4,13.8,154.6,960,40,0.0
10/16/1997,1997101618,41,9721,JOAN,5,14.0,153.2,950,45,0.0
10/16/1997,1997101618,47,9720,IVAN,4,14.7,133.1,965,40,0.0
10/17/1997,1997101700,47,9720,IVAN,5,14.6,131.8,955,45,0.0
10/17/1997,1997101700,41,9721,JOAN,5,14.3,151.8,950,45,0.0
10/17/1997,1997101706,41,9721,JOAN,5,14.6,150.1,940,50,0.0
10/17/1997,1997101706,47,9720,IVAN,5,14.6,130.6,945,50,0.0
10/17/1997,1997101712,41,9721,JOAN,5,14.9,148.7,940,50,0.0
10/17/1997,1997101712,47,9720,IVAN,5,14.5,129.5,940,50,0.0
10/17/1997,1997101718,41,9721,JOAN,6,15.3,147.2,930,55,0.0
10/17/1997,1997101718,47,9720,IVAN,6,14.7,128.4,935,55,0.0
10/18/1997,1997101800,41,9721,JOAN,6,15.9,145.7,930,55,0.0
10/18/1997,1997101800,47,9720,IVAN,6,14.8,127.2,930,55,0.0
10/18/1997,1997101806,41,9721,JOAN,6,16.5,144.4,930,55,0.0
10/18/1997,1997101806,47,9720,IVAN,6,15.2,126.3,930,55,0.0
10/18/1997,1997101812,41,9721,JOAN,6,17.0,143.2,930,55,0.0
10/18/1997,1997101812,47,9720,IVAN,6,15.6,125.4,930,55,0.0
10/18/1997,1997101818,41,9721,JOAN,6,17.6,142.0,930,55,0.0
10/18/1997,1997101818,47,9720,IVAN,6,16.0,124.7,930,55,0.0
10/19/1997,1997101900,41,9721,JOAN,6,18.1,140.8,930,55,0.0
10/19/1997,1997101900,47,9720,IVAN,5,16.6,124.0,940,50,0.0
10/19/1997,1997101906,41,9721,JOAN,6,18.5,139.8,930,55,0.0
10/19/1997,1997101906,47,9720,IVAN,5,17.2,123.4,940,50,0.0
10/19/1997,1997101912,41,9721,JOAN,6,18.9,138.9,930,55,0.0
10/19/1997,1997101912,47,9720,IVAN,5,17.5,122.7,945,50,0.0
10/19/1997,1997101918,41,9721,JOAN,6,19.5,138.1,930,55,0.0
10/19/1997,1997101918,47,9720,IVAN,5,18.0,122.4,950,45,0.0
10/20/1997,1997102000,41,9721,JOAN,6,20.2,137.5,930,55,0.0
10/20/1997,1997102000,47,9720,IVAN,4,18.4,121.9,960,40,0.0
10/20/1997,1997102006,41,9721,JOAN,6,20.9,137.0,930,55,0.0
10/20/1997,1997102006,47,9720,IVAN,4,18.6,121.8,970,35,0.0
10/20/1997,1997102012,41,9721,JOAN,6,21.4,136.7,930,55,0.0
10/20/1997,1997102012,47,9720,IVAN,4,18.8,121.9,975,33,0.0
10/20/1997,1997102018,41,9721,JOAN,5,22.2,136.6,935,50,0.0
10/20/1997,1997102018,47,9720,IVAN,4,19.0,122.2,975,33,0.0
10/21/1997,1997102100,41,9721,JOAN,5,23.1,136.9,940,50,0.0
10/21/1997,1997102100,47,9720,IVAN,3,19.4,123.0,980,30,0.0
10/21/1997,1997102106,41,9721,JOAN,5,24.1,137.2,940,50,0.0
10/21/1997,1997102106,47,9720,IVAN,3,19.9,123.7,985,25,0.0
10/21/1997,1997102112,41,9721,JOAN,5,25.1,138.2,940,50,0.0
10/21/1997,1997102112,47,9720,IVAN,2,20.0,124.6,990,23,0.0
10/21/1997,1997102118,41,9721,JOAN,5,25.9,139.3,950,45,0.0
10/21/1997,1997102118,47,9720,IVAN,2,20.2,125.6,990,23,0.0
10/22/1997,1997102200,41,9721,JOAN,4,26.2,140.9,960,40,0.0
10/22/1997,1997102200,47,9720,IVAN,2,20.7,126.5,990,23,0.0
10/22/1997,1997102206,41,9721,JOAN,4,26.4,142.3,960,40,0.0
10/22/1997,1997102206,47,9720,IVAN,2,21.2,126.9,990,23,0.0
10/22/1997,1997102212,41,9721,JOAN,4,26.6,144.0,970,35,0.0
10/22/1997,1997102212,47,9720,IVAN,2,21.9,127.3,990,23,0.0
10/22/1997,1997102218,41,9721,JOAN,3,27.1,146.3,980,30,0.0
10/22/1997,1997102218,47,9720,IVAN,2,22.8,128.1,990,23,0.0
10/23/1997,1997102300,41,9721,JOAN,3,28.0,148.5,985,25,0.0
10/23/1997,1997102300,47,9720,IVAN,2,23.2,129.1,990,23,0.0
10/23/1997,1997102306,41,9721,JOAN,3,29.5,152.2,985,25,0.0
10/23/1997,1997102306,47,9720,IVAN,3,24.2,130.1,985,25,0.0
10/23/1997,1997102312,41,9721,JOAN,3,29.9,155.4,985,25,0.0
10/23/1997,1997102312,47,9720,IVAN,3,24.7,131.0,985,25,0.0
10/23/1997,1997102318,41,9721,JOAN,3,29.9,158.3,985,25,0.0
10/23/1997,1997102318,47,9720,IVAN,2,25.2,132.0,992,20,0.0
10/24/1997,1997102400,41,9721,JOAN,2,29.7,161.0,992,20,0.0
10/24/1997,1997102400,47,9720,IVAN,2,26.0,133.4,992,20,0.0
10/24/1997,1997102406,47,9720,IVAN,2,26.7,134.7,992,20,0.0
10/24/1997,1997102406,41,9721,JOAN,1,29.5,163.0,998,15,0.0
10/24/1997,1997102412,47,9720,IVAN,2,27.4,136.4,994,18,0.0
10/24/1997,1997102418,47,9720,IVAN,1,28.1,138.0,996,15,0.0
10/25/1997,1997102500,47,9720,IVAN,1,28.8,139.7,996,15,0.0
10/25/1997,1997102506,47,9720,IVAN,1,29.0,141.0,998,12,0.0
10/29/1997,1997102912,39,9722,KETTH,1,6.0,160.0,1000,15,0.0
10/29/1997,1997102918,39,9722,KETTH,2,6.0,160.0,998,18,0.0
10/30/1997,1997103000,39,9722,KETTH,2,6.5,159.5,998,18,0.0
10/30/1997,1997103006,39,9722,KETTH,2,6.5,159.5,995,23,0.0
10/30/1997,1997103012,39,9722,KETTH,2,7.2,159.3,995,23,0.0
10/30/1997,1997103018,39,9722,KETTH,3,8.1,158.8,990,28,0.0
10/31/1997,1997103100,39,9722,KETTH,4,8.7,157.7,975,33,0.0
10/31/1997,1997103106,39,9722,KETTH,4,9.2,156.7,970,35,0.0
10/31/1997,1997103112,39,9722,KETTH,4,9.8,155.8,960,40,0.0
10/31/1997,1997103118,39,9722,KETTH,4,10.7,154.6,960,40,0.0
11/01/1997,1997110100,39,9722,KETTH,5,11.3,153.2,955,45,0.0
11/01/1997,1997110100,6,9723,LINDA,1,7.5,113.5,1002,15,0.0
11/01/1997,1997110106,39,9722,KETTH,5,12.0,151.8,945,50,0.0
11/01/1997,1997110106,6,9723,LINDA,2,7.8,112.3,995,23,0.0
11/01/1997,1997110112,39,9722,KETTH,6,12.7,150.2,935,55,0.0
11/01/1997,1997110112,6,9723,LINDA,2,8.3,111.5,995,23,0.0
11/01/1997,1997110118,39,9722,KETTH,6,13.3,148.8,935,55,0.0
11/01/1997,1997110118,6,9723,LINDA,3,8.7,110.3,990,25,0.0
11/02/1997,1997110200,39,9722,KETTH,6,13.9,147.2,925,60,0.0
11/02/1997,1997110200,6,9723,LINDA,3,9.0,109.0,990,25,0.0
11/02/1997,1997110206,39,9722,KETTH,6,14.4,145.7,925,60,0.0
11/02/1997,1997110206,6,9723,LINDA,3,8.3,106.2,990,25,0.0
11/02/1997,1997110212,39,9722,KETTH,6,14.8,144.4,925,60,0.0
11/02/1997,1997110218,39,9722,KETTH,6,15.1,143.2,925,60,0.0
11/03/1997,1997110300,39,9722,KETTH,6,15.4,142.0,925,60,0.0
11/03/1997,1997110306,39,9722,KETTH,6,15.6,140.6,935,55,0.0
11/03/1997,1997110312,39,9722,KETTH,5,15.7,139.4,945,50,0.0
11/03/1997,1997110318,39,9722,KETTH,5,16.0,138.2,945,50,0.0
11/04/1997,1997110400,39,9722,KETTH,5,16.1,137.2,955,45,0.0
11/04/1997,1997110406,39,9722,KETTH,5,16.5,136.4,955,45,0.0
11/04/1997,1997110412,39,9722,KETTH,5,16.8,135.7,955,45,0.0
11/04/1997,1997110418,39,9722,KETTH,5,17.4,135.2,955,45,0.0
11/05/1997,1997110500,39,9722,KETTH,5,17.8,134.8,955,45,0.0
11/05/1997,1997110506,39,9722,KETTH,5,18.3,134.9,955,45,0.0
11/05/1997,1997110512,39,9722,KETTH,4,18.8,135.2,965,40,0.0
11/05/1997,1997110518,39,9722,KETTH,4,19.6,135.8,970,35,0.0
11/06/1997,1997110600,39,9722,KETTH,3,20.2,136.3,980,30,0.0
11/06/1997,1997110606,39,9722,KETTH,3,21.3,136.8,980,30,0.0
11/06/1997,1997110612,39,9722,KETTH,3,22.1,137.5,980,30,0.0
11/06/1997,1997110618,39,9722,KETTH,3,22.8,138.5,985,25,0.0
11/07/1997,1997110700,39,9722,KETTH,3,23.6,139.5,985,25,0.0
11/07/1997,1997110706,39,9722,KETTH,3,25.2,141.2,985,25,0.0
11/07/1997,1997110712,39,9722,KETTH,3,26.7,143.3,985,25,0.0
11/07/1997,1997110718,39,9722,KETTH,3,27.9,146.0,985,25,0.0
11/08/1997,1997110800,39,9722,KETTH,2,28.8,148.0,990,23,0.0
11/11/1997,1997111106,21,9724,MORT,1,11.5,138.5,1000,15,0.0
11/11/1997,1997111112,21,9724,MORT,1,12.1,137.7,998,15,0.0
11/11/1997,1997111118,21,9724,MORT,2,12.4,136.7,995,20,0.0
11/12/1997,1997111200,21,9724,MORT,2,12.6,135.5,995,20,0.0
11/12/1997,1997111206,21,9724,MORT,2,13.0,134.5,992,23,0.0
11/12/1997,1997111212,21,9724,MORT,2,13.4,133.7,992,23,0.0
11/12/1997,1997111218,21,9724,MORT,2,13.6,133.1,992,23,0.0
11/13/1997,1997111300,21,9724,MORT,2,13.7,132.5,992,23,0.0
11/13/1997,1997111306,21,9724,MORT,2,14.0,131.7,992,23,0.0
11/13/1997,1997111312,21,9724,MORT,2,13.9,130.6,992,23,0.0
11/13/1997,1997111318,21,9724,MORT,2,13.7,129.7,992,23,0.0
11/14/1997,1997111400,21,9724,MORT,2,13.6,128.9,992,23,0.0
11/14/1997,1997111406,21,9724,MORT,2,13.8,128.0,992,23,0.0
11/14/1997,1997111412,21,9724,MORT,2,14.0,127.0,995,20,0.0
11/14/1997,1997111418,21,9724,MORT,2,14.3,126.4,995,20,0.0
11/15/1997,1997111500,21,9724,MORT,2,14.5,125.5,995,20,0.0
11/15/1997,1997111506,21,9724,MORT,2,14.4,124.8,995,20,0.0
11/15/1997,1997111512,21,9724,MORT,2,14.2,124.0,995,20,0.0
11/15/1997,1997111518,21,9724,MORT,2,14.4,123.3,995,20,0.0
11/16/1997,1997111600,21,9724,MORT,1,14.7,122.5,998,15,0.0
11/16/1997,1997111606,21,9724,MORT,1,15.0,122.0,1000,12,0.0
12/11/1997,1997121106,44,9725,Paka,4,6.7,168.6,970,35,0.0
12/11/1997,1997121112,44,9725,Paka,4,7.1,167.9,970,35,0.0
12/11/1997,1997121118,44,9725,Paka,4,7.4,167.4,970,40,0.0
12/12/1997,1997121200,44,9725,Paka,4,7.7,166.7,960,40,0.0
12/12/1997,1997121206,44,9725,Paka,4,7.9,165.9,960,40,0.0
12/12/1997,1997121212,44,9725,Paka,4,8.0,165.2,960,40,0.0
12/12/1997,1997121218,44,9725,Paka,4,8.3,164.3,960,40,0.0
12/13/1997,1997121300,44,9725,Paka,4,8.6,163.1,960,40,0.0
12/13/1997,1997121306,44,9725,Paka,4,9.0,162.2,960,40,0.0
12/13/1997,1997121312,44,9725,Paka,4,9.5,160.7,960,40,0.0
12/13/1997,1997121318,44,9725,Paka,4,10.0,159.3,960,40,0.0
12/14/1997,1997121400,44,9725,Paka,4,10.5,157.5,960,40,0.0
12/14/1997,1997121406,44,9725,Paka,5,11.0,155.9,950,45,0.0
12/14/1997,1997121412,44,9725,Paka,5,11.5,154.2,950,45,0.0
12/14/1997,1997121418,44,9725,Paka,5,11.9,152.6,950,45,0.0
12/15/1997,1997121500,44,9725,Paka,5,12.4,151.1,940,50,0.0
12/15/1997,1997121506,44,9725,Paka,5,12.7,149.7,940,50,0.0
12/15/1997,1997121512,44,9725,Paka,5,13.0,148.4,940,50,0.0
12/15/1997,1997121518,44,9725,Paka,6,13.4,147.3,930,55,0.0
12/16/1997,1997121600,44,9725,Paka,6,13.7,146.3,935,55,0.0
12/16/1997,1997121606,44,9725,Paka,5,13.8,145.5,940,50,0.0
12/16/1997,1997121612,44,9725,Paka,5,13.8,144.7,940,50,0.0
12/16/1997,1997121618,44,9725,Paka,5,13.8,144.0,945,45,0.0
12/17/1997,1997121700,44,9725,Paka,5,13.8,143.2,945,45,0.0
12/17/1997,1997121706,44,9725,Paka,5,13.7,142.2,945,45,0.0
12/17/1997,1997121712,44,9725,Paka,5,13.8,141.4,945,45,0.0
12/17/1997,1997121718,44,9725,Paka,5,14.1,140.7,940,50,0.0
12/18/1997,1997121800,44,9725,Paka,5,14.3,139.8,940,50,0.0
12/18/1997,1997121806,44,9725,Paka,5,14.7,139.0,940,50,0.0
12/18/1997,1997121812,44,9725,Paka,5,14.9,138.2,940,50,0.0
12/18/1997,1997121818,44,9725,Paka,5,15.2,137.3,940,50,0.0
12/19/1997,1997121900,44,9725,Paka,5,15.3,136.5,945,45,0.0
12/19/1997,1997121906,44,9725,Paka,5,15.6,135.7,945,45,0.0
12/19/1997,1997121912,44,9725,Paka,4,16.1,135.2,950,40,0.0
12/19/1997,1997121918,44,9725,Paka,4,16.5,134.3,960,40,0.0
12/20/1997,1997122000,44,9725,Paka,4,16.9,133.8,965,35,0.0
12/20/1997,1997122006,44,9725,Paka,4,17.2,133.3,965,35,0.0
12/20/1997,1997122012,44,9725,Paka,4,17.7,133.0,970,35,0.0
12/20/1997,1997122018,44,9725,Paka,3,18.0,133.0,975,30,0.0
12/21/1997,1997122100,44,9725,Paka,3,18.1,132.5,985,25,0.0
12/21/1997,1997122106,44,9725,Paka,2,18.1,132.5,990,23,0.0
12/21/1997,1997122112,44,9725,Paka,2,18.1,132.2,995,20,0.0
12/21/1997,1997122118,44,9725,Paka,2,18.1,131.4,995,20,0.0
12/22/1997,1997122200,44,9725,Paka,1,18.5,131.3,1000,15,0.0
